no89_xvid ,45503,,no100_xvid 
no284_xvid ,43981,,no101_xvid 
no300_xvid ,40526,,no102_xvid 
no214_xvid ,37803,,no103_xvid 
no247_xvid ,37459,,no104_xvid 
no364_xvid ,35849,,no106_xvid 
no385_xvid ,35460,,no108_xvid 
no430_xvid ,33946,,no111_xvid 
no439_xvid ,27851,,no125_xvid 
no444_xvid ,26534,,no126_xvid 
no219_xvid ,25674,,no128_xvid 
no272_xvid ,24538,,no129_xvid 
no223_xvid ,24265,,no13_xvid 
no421_xvid ,24186,,no130_xvid 
no183_xvid ,24073,,no131_xvid 
no139_xvid ,24065,,no132_xvid 
no286_xvid ,23514,,no134_xvid 
no406_xvid ,23462,,no14_xvid 
no180_xvid ,22597,,no141_xvid 
no176_xvid ,22411,,no155_xvid 
no140_xvid ,22071,,no156_xvid 
no447_xvid ,21714,,no159_xvid 
no218_xvid ,21597,,no17_xvid 
no296_xvid ,21551,,no177_xvid 
no210_xvid ,21055,,no187_xvid 
no116_xvid ,20568,,no188_xvid 
no78_xvid ,20368,,no189_xvid 
no172_xvid ,20240,,no200_xvid 
no418_xvid ,19886,,no201_xvid 
no255_xvid ,19521,,no203_xvid 
no98_xvid ,18729,,no204_xvid 
no122_xvid ,18473,,no209_xvid 
no207_xvid ,17744,,no213_xvid 
no377_xvid ,17713,,no216_xvid 
no231_xvid ,17554,,no225_xvid 
no95_xvid ,17241,,no228_xvid 
no243_xvid ,17073,,no23_xvid 
no171_xvid ,16488,,no232_xvid 
no81_xvid ,16408,,no236_xvid 
no251_xvid ,16387,,no238mpg_xvid 
no195_xvid ,15442,,no24_xvid 
no434_xvid ,14974,,no249_xvid 
no70_xvid ,14531,,no252_xvid 
no124_xvid ,13837,,no27_xvid 
no123_xvid ,13500,,no270_xvid 
no136_xvid ,13500,,no3_xvid 
no341_xvid ,13344,,no30_xvid 
no469_xvid ,12959,,no302_xvid 
no413_xvid ,12937,,no303_xvid 
no193_xvid ,12820,,no304_xvid 
no266_xvid ,12645,,no305_xvid 
no269_xvid ,12537,,no316_xvid 
no411_xvid ,12488,,no324_xvid 
no68_xvid ,12467,,no325_xvid 
no313_xvid ,12154,,no340_xvid 
no369_xvid ,12025,,no345_xvid 
no99_xvid ,11696,,no349_xvid 
no435_xvid ,11633,,no350_xvid 
no293_xvid ,11431,,no355_xvid 
no308_xvid ,11397,,no356_xvid 
no368_xvid ,11054,,no358_xvid 
no234_xvid ,10952,,no359_xvid 
no483_xvid ,10941,,no360_xvid 
no184_xvid ,10928,,no366_xvid 
no320_xvid ,10699,,no375_xvid 
no72_xvid ,9985,,no38_xvid 
no194_xvid ,9774,,no381_xvid 
no198_xvid ,9689,,no383_xvid 
no221_xvid ,9336,,no386_xvid 
no301_xvid ,9321,,no389_xvid 
no245_xvid ,9290,,no39_xvid 
no146_xvid ,9166,,no391_xvid 
no178_xvid ,9135,,no395_xvid 
no148_xvid ,9032,,no399_xvid 
no152_xvid ,8962,,no4_xvid 
no149_xvid ,8732,,no403_xvid 
no462_xvid ,8713,,no404_xvid 
no445_xvid ,8565,,no414_xvid 
no281_xvid ,8465,,no416_xvid 
no154_xvid ,8449,,no422_xvid 
no419_xvid ,8376,,no425_xvid 
no417_xvid ,8103,,no426_xvid 
no262_xvid ,8048,,no431_xvid 
no199_xvid ,7926,,no436_xvid 
no335_xvid ,7884,,no437_xvid 
no460_xvid ,7785,,no44_xvid 
no429_xvid ,7754,,no446_xvid 
no481_xvid ,7670,,no451_xvid 
no467_xvid ,7659,,no473_xvid 
no173_xvid ,7591,,no479_xvid 
no280_xvid ,7403,,no484_xvid 
no276_xvid ,7372,,no54_xvid 
no461_xvid ,7292,,no63_xvid 
no58_xvid ,7186,,no66_xvid 
no162_xvid ,7167,,no67_xvid 
no224_xvid ,7133,,no73_xvid 
no253_xvid ,7070,,no74_xvid 
no319_xvid ,7023,,no75_xvid 
no259_xvid ,6962,,no82_xvid 
no206_xvid ,6911,,no91_xvid 
no263_xvid ,6895,,no96_xvid 
no292_xvid ,6885,,
no2_xvid ,6763,,
no464_xvid ,6716,,
no1_xvid ,6635,,
no45_xvid ,6429,,
no150_xvid ,6421,,
no347_xvid ,6288,,
no264_xvid ,6208,,
no90_xvid ,6198,,
no278_xvid ,6011,,
no175_xvid ,6008,,
no16_xvid ,5936,,
no415_xvid ,5856,,
no52_xvid ,5831,,
no500_xvid ,5752,,
no92_xvid ,5743,,
no465_xvid ,5742,,
no353_xvid ,5657,,
no343_xvid ,5648,,
no190_xvid ,5627,,
no420_xvid ,5626,,
no311_xvid ,5614,,
no43_xvid ,5593,,
no397_xvid ,5539,,
no331_xvid ,5538,,
no182_xvid ,5497,,
no485_xvid ,5414,,
no241_xvid ,5312,,
no297_xvid ,5220,,
no77_xvid ,5180,,
no227_xvid ,5167,,
no49_xvid ,5024,,
no71_xvid ,4972,,
no256_xvid ,4951,,
no318_xvid ,4904,,
no158_xvid ,4900,,
no295_xvid ,4824,,
no185_xvid ,4712,,
no309_xvid ,4702,,
no470_xvid ,4655,,
no235_xvid ,4645,,
no314_xvid ,4585,,
no250_xvid ,4556,,
no164_xvid ,4522,,
no29_xvid ,4513,,
no229_xvid ,4511,,
no174_xvid ,4497,,
no285_xvid ,4468,,
no31_xvid ,4285,,
no258_xvid ,4215,,
no86_xvid ,4143,,
no273_xvid ,4109,,
no334_xvid ,4106,,
no79_xvid ,3982,,
no494_xvid ,3974,,
no448_xvid ,3935,,
no230_xvid ,3920,,
no274_xvid ,3870,,
no145_xvid ,3781,,
no62_xvid ,3706,,
no28_xvid ,3670,,
no463_xvid ,3670,,
no94_xvid ,3623,,
no379_xvid ,3576,,
no277_xvid ,3550,,
no80_xvid ,3494,,
no84_xvid ,3490,,
no333_xvid ,3434,,
no371_xvid ,3396,,
no33_xvid ,3384,,
no315_xvid ,3262,,
no242_xvid ,3259,,
no76_xvid ,3250,,
no192_xvid ,3243,,
no120_xvid ,3213,,
no147_xvid ,3191,,
no10_xvid ,3150,,
no455_xvid ,3138,,
no380_xvid ,3111,,
no119_xvid ,3086,,
no127_xvid ,3081,,
no458_xvid ,3062,,
no442_xvid ,2992,,
no6_xvid ,2984,,
no449_xvid ,2949,,
no69_xvid ,2936,,
no491_xvid ,2919,,
no452_xvid ,2913,,
no384_xvid ,2862,,
no15_xvid ,2852,,
no396_xvid ,2848,,
no181_xvid ,2800,,
no342_xvid ,2776,,
no499_xvid ,2749,,
no237_xvid ,2736,,
no287_xvid ,2728,,
no492_xvid ,2722,,
no118_xvid ,2717,,
no196_xvid ,2706,,
no246_xvid ,2700,,
no310_xvid ,2667,,
no169_xvid ,2656,,
no261_xvid ,2589,,
no282_xvid ,2521,,
no351_xvid ,2466,,
no438_xvid ,2457,,
no294_xvid ,2454,,
no65___xvid ,2442,,
no495_xvid ,2442,,
no424_xvid ,2439,,
no493_xvid ,2439,,
no393_xvid ,2420,,
no392_xvid ,2405,,
no260_xvid ,2400,,
no332_xvid ,2371,,
no34_xvid ,2324,,
no412_xvid ,2312,,
no363_xvid ,2308,,
no475_xvid ,2306,,
no26_xvid ,2289,,
no211_xvid ,2246,,
no306_xvid ,2238,,
no107_xvid ,2228,,
no83_xvid ,2218,,
no459_xvid ,2209,,
no109_xvid ,2179,,
no240_xvid ,2172,,
no291_xvid ,2172,,
no215_xvid ,2142,,
no477_xvid ,2122,,
no329_xvid ,2121,,
no167_xvid ,2120,,
no440_xvid ,2096,,
no161_xvid ,2084,,
no22_xvid ,2083,,
no239_xvid ,2077,,
no217_xvid ,2044,,
no401_xvid ,2027,,
no402_xvid ,2027,,
no450_xvid ,2007,,
no222_xvid ,2003,,
no441_xvid ,2001,,
no20_xvid ,1996,,
no453_xvid ,1982,,
no168_xvid ,1974,,
no202_xvid ,1968,,
no115_xvid ,1959,,
no408_xvid ,1949,,
no85_xvid ,1948,,
no191_xvid ,1914,,
no373_xvid ,1912,,
no9_xvid ,1907,,
no456_xvid ,1907,,
no317_xvid ,1892,,
no336_xvid ,1863,,
no208_xvid ,1808,,
no330_xvid ,1804,,
no133_xvid ,1799,,
no143_xvid ,1794,,
no474_xvid ,1779,,
no142__xvid ,1770,,
no427_xvid ,1770,,
no482_xvid ,1765,,
no56_xvid ,1764,,
no254_xvid ,1742,,
no244_xvid ,1726,,
no457_xvid ,1717,,
no18_xvid ,1705,,
no144_xvid ,1686,,
no339_xvid ,1682,,
no53_xvid ,1664,,
no46_xvid ,1661,,
no88_xvid ,1642,,
no166_xvid ,1629,,
no11_xvid ,1614,,
no480_xvid ,1605,,
no205_xvid ,1593,,
no299_xvid ,1570,,
no19_xvid ,1569,,
no410_xvid ,1551,,
no321_xvid ,1549,,
no42_xvid ,1527,,
no135_xvid ,1514,,
no41_xvid ,1501,,
no160_xvid ,1444,,
no170_xvid ,1435,,
no32_xvid ,1409,,
no400_xvid ,1403,,
no57_xvid ,1379,,
no357_xvid ,1379,,
no248_xvid ,1356,,
no59_xvid ,1344,,
no390_xvid ,1343,,
no279_xvid ,1338,,
no312_xvid ,1337,,
no265_xvid ,1312,,
no338_xvid ,1285,,
no433_xvid ,1285,,
no40_xvid ,1279,,
no327_xvid ,1263,,
no153_xvid ,1245,,
no25_xvid ,1240,,
no388_xvid ,1230,,
no488_xvid ,1227,,
no271_xvid ,1223,,
no226_xvid ,1211,,
no151_xvid ,1194,,
no165_xvid ,1190,,
no443_xvid ,1190,,
no498_xvid ,1187,,
no326_xvid ,1183,,
no21_xvid ,1171,,
no290_xvid ,1139,,
no407_xvid ,1126,,
no113_xvid ,1114,,
no478_xvid ,1113,,
no37_xvid ,1109,,
no114_xvid ,1108,,
no428_xvid ,1108,,
no348_xvid ,1090,,
no367_xvid ,1090,,
no352_xvid ,1081,,
no288_xvid ,1078,,
no51_xvid ,1076,,
no48_xvid ,1074,,
no405_xvid ,1073,,
no466_xvid ,1063,,
no121_xvid ,1060,,
no12_xvid ,1026,,
no496_xvid ,1016,,
no257_xvid ,998,,
no472_xvid ,998,,
no354_xvid ,989,,
no64_xvid ,979,,
no370_xvid ,941,,
no487_xvid ,919,,
no337_xvid ,893,,
no35_xvid ,889,,
no212_xvid ,876,,
no387_xvid ,876,,
no454_xvid ,861,,
no110_xvid ,859,,
no61_xvid ,817,,
no93_xvid ,814,,
no432_xvid ,795,,
no471_xvid ,794,,
no365_xvid ,780,,
no112_xvid ,775,,
no5_xvid ,767,,
no476_xvid ,745,,
no382_xvid ,739,,
no423_xvid ,734,,
no179_xvid ,733,,
no137_xvid ,720,,
no7_xvid ,716,,
no394_xvid ,714,,
no289_xvid ,697,,
no283_xvid ,695,,
no398_xvid ,673,,
no489_xvid ,645,,
no163_xvid ,629,,
no186_xvid ,628,,
no138_xvid ,625,,
no267_xvid ,614,,
no322_xvid ,609,,
no8_xvid ,605,,
no197_xvid ,605,,
no105_xvid ,591,,
no233_xvid ,591,,
no374_xvid ,589,,
no117_xvid ,587,,
no275_xvid ,585,,
no328_xvid ,572,,
no490_xvid ,567,,
no60_xvid ,556,,
no376_xvid ,552,,
no497_xvid ,548,,
no36_xvid ,544,,
no97_xvid ,529,,
no323_xvid ,489,,
no372_xvid ,487,,
no486_xvid ,476,,
no55_xvid ,475,,
no468_xvid ,469,,
no50_xvid ,467,,
no361_xvid ,462,,
no87_xvid ,461,,
no362_xvid ,461,,
no220_xvid ,459,,
no307_xvid ,447,,
no409_xvid ,446,,
no346_xvid ,443,,
no378_xvid ,426,,
no47_xvid ,412,,
no344_xvid ,409,,
no298_xvid ,404,,
no157_xvid ,403,,
no268_xvid ,401,,
no473_xvid ,390,,
no340_xvid ,376,,
no203_xvid ,371,,
no436_xvid ,368,,
no63_xvid ,366,,
no325_xvid ,357,,
no228_xvid ,350,,
no4_xvid ,346,,
no232_xvid ,344,,
no187_xvid ,324,,
no399_xvid ,322,,
no101_xvid ,320,,
no358_xvid ,293,,
no252_xvid ,283,,
no356_xvid ,282,,
no366_xvid ,275,,
no54_xvid ,268,,
no111_xvid ,260,,
no391_xvid ,260,,
no238mpg_xvid ,257,,
no23_xvid ,252,,
no27_xvid ,252,,
no155_xvid ,251,,
no209_xvid ,243,,
no431_xvid ,242,,
no17_xvid ,238,,
no3_xvid ,236,,
no437_xvid ,235,,
no426_xvid ,234,,
no100_xvid ,227,,
no159_xvid ,223,,
no305_xvid ,222,,
no30_xvid ,221,,
no141_xvid ,220,,
no156_xvid ,216,,
no302_xvid ,216,,
no316_xvid ,208,,
no355_xvid ,206,,
no349_xvid ,202,,
no416_xvid ,196,,
no270_xvid ,194,,
no177_xvid ,189,,
no425_xvid ,176,,
no13_xvid ,171,,
no14_xvid ,171,,
no451_xvid ,170,,
no104_xvid ,166,,
no383_xvid ,158,,
no102_xvid ,155,,
no125_xvid ,155,,
no381_xvid ,151,,
no225_xvid ,145,,
no479_xvid ,144,,
no74_xvid ,141,,
no204_xvid ,140,,
no345_xvid ,139,,
no108_xvid ,138,,
no91_xvid ,137,,
no303_xvid ,132,,
no67_xvid ,125,,
no389_xvid ,118,,
no324_xvid ,112,,
no39_xvid ,109,,
no484_xvid ,108,,
no414_xvid ,107,,
no249_xvid ,105,,
no126_xvid ,97,,
no38_xvid ,81,,
no82_xvid ,81,,
no360_xvid ,80,,
no216_xvid ,75,,
no188_xvid ,73,,
no44_xvid ,64,,
no73_xvid ,64,,
no128_xvid ,64,,
no96_xvid ,56,,
no395_xvid ,56,,
no189_xvid ,55,,
no200_xvid ,53,,
no131_xvid ,51,,
no75_xvid ,48,,
no236_xvid ,38,,
no446_xvid ,37,,
no66_xvid ,20,,
no24_xvid ,0,,
no103_xvid ,0,,
no106_xvid ,0,,
no130_xvid ,0,,
no129_xvid ,0,,
no132_xvid ,0,,
no134_xvid ,0,,
no201_xvid ,0,,
no213_xvid ,0,,
no304_xvid ,0,,
no350_xvid ,0,,
no359_xvid ,0,,
no375_xvid ,0,,
no386_xvid ,0,,
no403_xvid ,0,,
no404_xvid ,0,,
no422_xvid ,0,,
