fi388_xvid ,0,,,,,fi130_xvid 
fi390_xvid ,0,,,,,fi132_xvid 
fi391_xvid ,0,,,,,fi135_xvid 
fi406_xvid ,0,,,,,fi136_xvid 
fi40_xvid ,32,,,,,fi139_xvid 
fi407_xvid ,34,,,,,fi143_xvid 
fi191_xvid ,52,,,,,fi146_xvid 
fi196_xvid ,89,,,,,fi152_xvid 
fi389_xvid ,105,,,,,fi154_xvid 
fi369_xvid ,133,,,,,fi16_xvid 
fi67_xvid ,154,,,,,fi162_xvid 
fi14_xvid ,192,,,,,fi165_xvid 
fi65_xvid ,229,,,,,fi167_xvid 
fi194_xvid ,258,,,,,fi168_xvid 
fi350_xvid ,297,,,,,fi174_xvid 
fi68_xvid ,308,,,,,fi178_xvid 
fi265_xvid ,331,,,,,fi181_xvid 
fi260_xvid ,363,,,,,fi183_xvid 
fi428_xvid ,370,,,,,fi187_xvid 
fi330_xvid ,385,,,,,fi189_xvid 
fi211_xvid ,415,,,,,fi190_xvid 
fi365_xvid ,429,,,,,fi193_xvid 
fi94_xvid ,441,,,,,fi198_xvid 
fi331_xvid ,443,,,,,fi199_xvid 
fi23_xvid ,447,,,,,fi201_xvid 
fi95_xvid ,456,,,,,fi202_xvid 
fi27_xvid ,473,,,,,fi205_xvid 
fi310_xvid ,484,,,,,fi206_xvid 
fi172_xvid ,489,,,,,fi207_xvid 
fi228_xvid ,494,,,,,fi209_xvid 
fi335_xvid ,510,,,,,fi214_xvid 
fi319_xvid ,518,,,,,fi216_xvid 
fi315_xvid ,558,,,,,fi217_xvid 
fi26_xvid ,564,,,,,fi220_xvid 
fi41_xvid ,568,,,,,fi223_xvid 
fi229_xvid ,618,,,,,fi226_xvid 
fi376_xvid ,642,,,,,fi227_xvid 
fi470_xvid ,652,,,,,fi234_xvid 
fi429_xvid ,693,,,,,fi235_xvid 
fi417_xvid ,726,,,,,fi236_xvid 
fi7_xvid ,748,,,,,fi24_xvid 
fi351_xvid ,748,,,,,fi243_xvid 
fi182_xvid ,764,,,,,fi244_xvid 
fi237_xvid ,801,,,,,fi249_xvid 
fi353_xvid ,893,,,,,fi253_xvid 
fi352_xvid ,900,,,,,fi254_xvid 
fi90_xvid ,949,,,,,fi255_xvid 
fi25_xvid ,951,,,,,fi258_xvid 
fi423_xvid ,973,,,,,fi262_xvid 
fi329_xvid ,997,,,,,fi263_xvid 
fi180_xvid ,1061,,,,,fi264_xvid 
fi415_xvid ,1069,,,,,fi275_xvid 
fi133_xvid ,1090,,,,,fi276_xvid 
fi324_xvid ,1095,,,,,fi277_xvid 
fi186_xvid ,1102,,,,,fi284_xvid 
fi184_xvid ,1120,,,,,fi287_xvid 
fi418_xvid ,1246,,,,,fi289_xvid 
fi317_xvid ,1251,,,,,fi290_xvid 
fi145_xvid ,1254,,,,,fi294_xvid 
fi323_xvid ,1266,,,,,fi3_xvid 
fi452_xvid ,1280,,,,,fi301_xvid 
fi19_xvid ,1285,,,,,fi31_xvid 
fi188_xvid ,1298,,,,,fi32_xvid 
fi125_xvid ,1304,,,,,fi356_xvid 
fi78_xvid ,1317,,,,,fi357_xvid 
fi185_xvid ,1335,,,,,fi358_xvid 
fi83_xvid ,1363,,,,,fi360_xvid 
fi76_xvid ,1373,,,,,fi361_xvid 
fi371_xvid ,1392,,,,,fi362_xvid 
fi318_xvid ,1394,,,,,fi363_xvid 
fi466_xvid ,1396,,,,,fi39_xvid 
fi311_xvid ,1397,,,,,fi405_xvid 
fi359_xvid ,1413,,,,,fi408_xvid 
fi333_xvid ,1422,,,,,fi412_xvid 
fi21_xvid ,1446,,,,,fi416_xvid 
fi469_xvid ,1452,,,,,fi420_xvid 
fi368_xvid ,1460,,,,,fi422_xvid 
fi404_xvid ,1464,,,,,fi424_xvid 
fi82_xvid ,1485,,,,,fi427_xvid 
fi364_xvid ,1500,,,,,fi43_xvid 
fi17_xvid ,1528,,,,,fi431_xvid 
fi419_xvid ,1561,,,,,fi45_xvid 
fi336_xvid ,1563,,,,,fi450_xvid 
fi30_xvid ,1569,,,,,fi463_xvid 
fi73_xvid ,1576,,,,,fi464_xvid 
fi173_xvid ,1606,,,,,fi465_xvid 
fi476_xvid ,1677,,,,,fi47_xvid 
fi163_xvid ,1678,,,,,fi479_xvid 
fi340_xvid ,1685,,,,,fi481_xvid 
fi327_xvid ,1693,,,,,fi482_xvid 
fi4_xvid ,1695,,,,,fi487_xvid 
fi12_xvid ,1709,,,,,fi488_xvid 
fi9_xvid ,1722,,,,,fi489_xvid 
fi272_xvid ,1743,,,,,fi498_xvid 
fi332_xvid ,1749,,,,,fi54_xvid 
fi458_xvid ,1761,,,,,fi6_xvid 
fi50_xvid ,1765,,,,,fi8_xvid 
fi432_xvid ,1770,,,,,fi84_xvid 
fi195_xvid ,1786,,,,,fi85_xvid 
fi251_xvid ,1807,,,,,fi86_xvid 
fi343_xvid ,1808,,,,,fi87_xvid 
fi322_xvid ,1811,,,,,
fi212_xvid ,1815,,,,,
fi425_xvid ,1820,,,,,
fi474_xvid ,1823,,,,,
fi321_xvid ,1825,,,,,
fi334_xvid ,1831,,,,,
fi120_xvid ,1832,,,,,
fi70_xvid ,1841,,,,,
fi197_xvid ,1851,,,,,
fi443_xvid ,1859,,,,,
fi455_xvid ,1908,,,,,
fi297_xvid ,1934,,,,,
fi326_xvid ,1968,,,,,
fi15_xvid ,1995,,,,,
fi426_xvid ,2024,,,,,
fi147_xvid ,2039,,,,,
fi271_xvid ,2074,,,,,
fi313_xvid ,2098,,,,,
fi349_xvid ,2099,,,,,
fi171_xvid ,2108,,,,,
fi192_xvid ,2116,,,,,
fi72_xvid ,2122,,,,,
fi248_xvid ,2122,,,,,
fi342_xvid ,2123,,,,,
fi434_xvid ,2123,,,,,
fi401_xvid ,2126,,,,,
fi22_xvid ,2130,,,,,
fi160_xvid ,2156,,,,,
fi437_xvid ,2249,,,,,
fi325_xvid ,2263,,,,,
fi473_xvid ,2275,,,,,
fi115_xvid ,2284,,,,,
fi399_xvid ,2294,,,,,
fi238_xvid ,2354,,,,,
fi169_xvid ,2371,,,,,
fi296_xvid ,2386,,,,,
fi293_xvid ,2395,,,,,
fi320_xvid ,2422,,,,,
fi384_xvid ,2441,,,,,
fi268_xvid ,2480,,,,,
fi308_xvid ,2495,,,,,
fi247_xvid ,2512,,,,,
fi98_xvid ,2536,,,,,
fi175_xvid ,2551,,,,,
fi150_xvid ,2554,,,,,
fi269_xvid ,2565,,,,,
fi250_xvid ,2598,,,,,
fi457_xvid ,2657,,,,,
fi472_xvid ,2663,,,,,
fi444_xvid ,2667,,,,,
fi471_xvid ,2693,,,,,
fi380_xvid ,2698,,,,,
fi80_xvid ,2721,,,,,
fi430_xvid ,2726,,,,,
fi240_xvid ,2749,,,,,
fi348_xvid ,2750,,,,,
fi347_xvid ,2759,,,,,
fi377_xvid ,2766,,,,,
fi141_xvid ,2788,,,,,
fi93_xvid ,2797,,,,,
fi493_xvid ,2814,,,,,
fi142_xvid ,2852,,,,,
fi92_xvid ,2865,,,,,
fi436_xvid ,2905,,,,,
fi81_xvid ,2915,,,,,
fi177_xvid ,2926,,,,,
fi148_xvid ,2954,,,,,
fi291_xvid ,2955,,,,,
fi300_xvid ,2966,,,,,
fi219_xvid ,2975,,,,,
fi129_xvid ,2986,,,,,
fi222_xvid ,2994,,,,,
fi480_xvid ,2996,,,,,
fi96_xvid ,3001,,,,,
fi411_xvid ,3024,,,,,
fi53_xvid ,3037,,,,,
fi387_xvid ,3115,,,,,
fi267_xvid ,3126,,,,,
fi499_xvid ,3130,,,,,
fi355_xvid ,3135,,,,,
fi102_xvid ,3137,,,,,
fi158_xvid ,3146,,,,,
fi261_xvid ,3146,,,,,
fi328_xvid ,3149,,,,,
fi373_xvid ,3194,,,,,
fi159_xvid ,3202,,,,,
fi274_xvid ,3249,,,,,
fi124_xvid ,3261,,,,,
fi37_xvid ,3273,,,,,
fi307_xvid ,3286,,,,,
fi20_xvid ,3303,,,,,
fi314_xvid ,3305,,,,,
fi299_xvid ,3311,,,,,
fi403_xvid ,3312,,,,,
fi461_xvid ,3328,,,,,
fi378_xvid ,3354,,,,,
fi28_xvid ,3356,,,,,
fi134_xvid ,3416,,,,,
fi468_xvid ,3472,,,,,
fi75_xvid ,3496,,,,,
fi409_xvid ,3499,,,,,
fi344_xvid ,3502,,,,,
fi354_xvid ,3544,,,,,
fi245_xvid ,3614,,,,,
fi18_xvid ,3687,,,,,
fi60_xvid ,3724,,,,,
fi71_xvid ,3726,,,,,
fi252_xvid ,3791,,,,,
fi100_xvid ,3842,,,,,
fi210_xvid ,3850,,,,,
fi203_xvid ,3882,,,,,
fi56_xvid ,3890,,,,,
fi122_xvid ,3898,,,,,
fi164_xvid ,3917,,,,,
fi396_xvid ,3917,,,,,
fi341_xvid ,3932,,,,,
fi51_xvid ,4083,,,,,
fi91_xvid ,4121,,,,,
fi414_xvid ,4150,,,,,
fi295_xvid ,4156,,,,,
fi233_xvid ,4157,,,,,
fi449_xvid ,4185,,,,,
fi77_xvid ,4186,,,,,
fi66_xvid ,4261,,,,,
fi99_xvid ,4269,,,,,
fi49_xvid ,4280,,,,,
fi46_xvid ,4290,,,,,
fi239_xvid ,4372,,,,,
fi121_xvid ,4406,,,,,
fi123_xvid ,4408,,,,,
fi490_xvid ,4515,,,,,
fi456_xvid ,4532,,,,,
fi106_xvid ,4535,,,,,
fi166_xvid ,4543,,,,,
fi316_xvid ,4587,,,,,
fi34_xvid ,4601,,,,,
fi386_xvid ,4654,,,,,
fi241_xvid ,4675,,,,,
fi59_xvid ,4713,,,,,
fi224_xvid ,4733,,,,,
fi157_xvid ,4738,,,,,
fi306_xvid ,4746,,,,,
fi36_xvid ,4772,,,,,
fi35_xvid ,4773,,,,,
fi101_xvid ,4796,,,,,
fi370_xvid ,4805,,,,,
fi395_xvid ,4831,,,,,
fi270_xvid ,4851,,,,,
fi454_xvid ,4917,,,,,
fi114_xvid ,4936,,,,,
fi259_xvid ,5065,,,,,
fi117_xvid ,5069,,,,,
fi345_xvid ,5148,,,,,
fi495_xvid ,5152,,,,,
fi497_xvid ,5180,,,,,
fi448_xvid ,5258,,,,,
fi453_xvid ,5279,,,,,
fi475_xvid ,5301,,,,,
fi170_xvid ,5327,,,,,
fi52_xvid ,5338,,,,,
fi204_xvid ,5348,,,,,
fi42_xvid ,5404,,,,,
fi339_xvid ,5412,,,,,
fi337_xvid ,5432,,,,,
fi88_xvid ,5435,,,,,
fi38_xvid ,5686,,,,,
fi447_xvid ,5687,,,,,
fi33_xvid ,5689,,,,,
fi381_xvid ,5695,,,,,
fi13_xvid ,5761,,,,,
fi2_xvid ,5805,,,,,
fi107_xvid ,5878,,,,,
fi346_xvid ,5893,,,,,
fi305_xvid ,5984,,,,,
fi445_xvid ,6004,,,,,
fi285_xvid ,6060,,,,,
fi278_xvid ,6067,,,,,
fi63_xvid ,6070,,,,,
fi400_xvid ,6100,,,,,
fi231_xvid ,6119,,,,,
fi282_xvid ,6145,,,,,
fi111_xvid ,6148,,,,,
fi421_xvid ,6159,,,,,
fi438_xvid ,6171,,,,,
fi119_xvid ,6174,,,,,
fi309_xvid ,6219,,,,,
fi74_xvid ,6254,,,,,
fi208_xvid ,6259,,,,,
fi440_xvid ,6309,,,,,
fi116_xvid ,6324,,,,,
fi441_xvid ,6325,,,,,
fi64_xvid ,6374,,,,,
fi483_xvid ,6405,,,,,
fi383_xvid ,6411,,,,,
fi413_xvid ,6440,,,,,
fi375_xvid ,6447,,,,,
fi462_xvid ,6448,,,,,
fi153_xvid ,6459,,,,,
fi113_xvid ,6491,,,,,
fi338_xvid ,6533,,,,,
fi298_xvid ,6628,,,,,
fi439_xvid ,6691,,,,,
fi103_xvid ,6789,,,,,
fi478_xvid ,6860,,,,,
fi273_xvid ,6866,,,,,
fi105_xvid ,6916,,,,,
fi492_xvid ,7081,,,,,
fi155_xvid ,7138,,,,,
fi286_xvid ,7301,,,,,
fi232_xvid ,7311,,,,,
fi366_xvid ,7343,,,,,
fi128_xvid ,7489,,,,,
fi486_xvid ,7496,,,,,
fi446_xvid ,7517,,,,,
fi112_xvid ,7518,,,,,
fi246_xvid ,7591,,,,,
fi491_xvid ,7612,,,,,
fi230_xvid ,7718,,,,,
fi281_xvid ,7891,,,,,
fi485_xvid ,7955,,,,,
fi372_xvid ,8008,,,,,
fi379_xvid ,8041,,,,,
fi467_xvid ,8048,,,,,
fi398_xvid ,8115,,,,,
fi11_xvid ,8154,,,,,
fi1_xvid ,8164,,,,,
fi127_xvid ,8181,,,,,
fi496_xvid ,8207,,,,,
fi288_xvid ,8272,,,,,
fi108_xvid ,8369,,,,,
fi126_xvid ,8414,,,,,
fi382_xvid ,8647,,,,,
fi494_xvid ,8720,,,,,
fi118_xvid ,8787,,,,,
fi433_xvid ,8848,,,,,
fi374_xvid ,8925,,,,,
fi451_xvid ,9001,,,,,
fi397_xvid ,9026,,,,,
fi61_xvid ,9134,,,,,
fi97_xvid ,9215,,,,,
fi149_xvid ,9266,,,,,
fi218_xvid ,9754,,,,,
fi161_xvid ,9772,,,,,
fi367_xvid ,9850,,,,,
fi104_xvid ,9873,,,,,
fi62_xvid ,10123,,,,,
fi312_xvid ,10375,,,,,
fi394_xvid ,10460,,,,,
fi57_xvid ,10545,,,,,
fi292_xvid ,10574,,,,,
fi266_xvid ,10666,,,,,
fi200_xvid ,10699,,,,,
fi279_xvid ,10727,,,,,
fi89_xvid ,10807,,,,,
fi385_xvid ,10934,,,,,
fi110_xvid ,10937,,,,,
fi79_xvid ,11294,,,,,
fi392_xvid ,11545,,,,,
fi69_xvid ,11896,,,,,
fi140_xvid ,11928,,,,,
fi303_xvid ,12470,,,,,
fi442_xvid ,12875,,,,,
fi5_xvid ,13082,,,,,
fi44_xvid ,13180,,,,,
fi500_xvid ,13596,,,,,
fi215_xvid ,13599,,,,,
fi435_xvid ,13697,,,,,
fi137_xvid ,13785,,,,,
fi393_xvid ,14021,,,,,
fi460_xvid ,14027,,,,,
fi302_xvid ,14043,,,,,
fi304_xvid ,14317,,,,,
fi242_xvid ,14363,,,,,
fi477_xvid ,14469,,,,,
fi410_xvid ,14549,,,,,
fi402_xvid ,14551,,,,,
fi156_xvid ,14669,,,,,
fi176_xvid ,14828,,,,,
fi131_xvid ,14829,,,,,
fi109_xvid ,14864,,,,,
fi225_xvid ,14926,,,,,
fi58_xvid ,14947,,,,,
fi256_xvid ,14954,,,,,
fi48_xvid ,15149,,,,,
fi283_xvid ,15576,,,,,
fi10_xvid ,15864,,,,,
fi179_xvid ,16024,,,,,
fi459_xvid ,16118,,,,,
fi138_xvid ,16153,,,,,
fi151_xvid ,16283,,,,,
fi257_xvid ,16523,,,,,
fi221_xvid ,16623,,,,,
fi144_xvid ,16811,,,,,
fi29_xvid ,16844,,,,,
fi55_xvid ,17079,,,,,
fi280_xvid ,17128,,,,,
fi484_xvid ,17186,,,,,
fi213_xvid ,17457,,,,,
fi139_xvid ,17610,,,,,
fi284_xvid ,17614,,,,,
fi301_xvid ,17650,,,,,
fi202_xvid ,17734,,,,,
fi154_xvid ,17892,,,,,
fi487_xvid ,19113,,,,,
fi32_xvid ,19328,,,,,
fi152_xvid ,19476,,,,,
fi43_xvid ,19764,,,,,
fi450_xvid ,19854,,,,,
fi287_xvid ,20335,,,,,
fi146_xvid ,20354,,,,,
fi408_xvid ,20527,,,,,
fi193_xvid ,20606,,,,,
fi226_xvid ,20856,,,,,
fi220_xvid ,21513,,,,,
fi275_xvid ,21521,,,,,
fi498_xvid ,21623,,,,,
fi361_xvid ,22170,,,,,
fi217_xvid ,22495,,,,,
fi205_xvid ,22693,,,,,
fi143_xvid ,23066,,,,,
fi254_xvid ,23214,,,,,
fi136_xvid ,23363,,,,,
fi253_xvid ,23547,,,,,
fi255_xvid ,23974,,,,,
fi258_xvid ,24334,,,,,
fi277_xvid ,24507,,,,,
fi39_xvid ,24544,,,,,
fi276_xvid ,24614,,,,,
fi289_xvid ,24901,,,,,
fi45_xvid ,26249,,,,,
fi8_xvid ,26500,,,,,
fi482_xvid ,26880,,,,,
fi6_xvid ,27604,,,,,
fi249_xvid ,27660,,,,,
fi464_xvid ,27788,,,,,
fi481_xvid ,27950,,,,,
fi216_xvid ,28550,,,,,
fi206_xvid ,28573,,,,,
fi234_xvid ,28582,,,,,
fi165_xvid ,28637,,,,,
fi84_xvid ,28693,,,,,
fi3_xvid ,28696,,,,,
fi183_xvid ,28718,,,,,
fi290_xvid ,28797,,,,,
fi227_xvid ,29108,,,,,
fi47_xvid ,29303,,,,,
fi489_xvid ,29680,,,,,
fi87_xvid ,30514,,,,,
fi198_xvid ,30612,,,,,
fi130_xvid ,30779,,,,,
fi31_xvid ,30973,,,,,
fi235_xvid ,31103,,,,,
fi135_xvid ,31377,,,,,
fi463_xvid ,31515,,,,,
fi85_xvid ,31726,,,,,
fi363_xvid ,31984,,,,,
fi209_xvid ,32109,,,,,
fi412_xvid ,32175,,,,,
fi207_xvid ,32358,,,,,
fi431_xvid ,32460,,,,,
fi294_xvid ,32527,,,,,
fi181_xvid ,32537,,,,,
fi427_xvid ,32861,,,,,
fi174_xvid ,32873,,,,,
fi479_xvid ,32893,,,,,
fi360_xvid ,33050,,,,,
fi189_xvid ,33155,,,,,
fi243_xvid ,33665,,,,,
fi178_xvid ,34221,,,,,
fi488_xvid ,34269,,,,,
fi356_xvid ,34691,,,,,
fi54_xvid ,34803,,,,,
fi424_xvid ,36095,,,,,
fi214_xvid ,36313,,,,,
fi187_xvid ,36601,,,,,
fi358_xvid ,36691,,,,,
fi244_xvid ,37197,,,,,
fi263_xvid ,37207,,,,,
fi264_xvid ,37578,,,,,
fi357_xvid ,38901,,,,,
fi465_xvid ,38951,,,,,
fi422_xvid ,39025,,,,,
fi362_xvid ,39602,,,,,
fi24_xvid ,39828,,,,,
fi16_xvid ,39992,,,,,
fi405_xvid ,40098,,,,,
fi167_xvid ,40392,,,,,
fi199_xvid ,40543,,,,,
fi162_xvid ,41109,,,,,
fi262_xvid ,42027,,,,,
fi132_xvid ,42613,,,,,
fi86_xvid ,42696,,,,,
fi190_xvid ,43313,,,,,
fi168_xvid ,43683,,,,,
fi236_xvid ,44851,,,,,
fi420_xvid ,45228,,,,,
fi201_xvid ,46165,,,,,
fi223_xvid ,48141,,,,,
fi416_xvid ,49384,,,,,
