no500_xvid ,5752
no1_xvid ,6635
no2_xvid ,6763
no3_xvid ,236
no4_xvid ,346
no178_xvid ,346
no5_xvid ,767
no6_xvid ,2984
no7_xvid ,716
no8_xvid ,605
no9_xvid ,1907
no10_xvid ,3150
no11_xvid ,1614
no12_xvid ,1026
no13_xvid ,171
no469_xvid ,171
no193_xvid ,171
no14_xvid ,171
no16_xvid ,5936
no15_xvid ,2852
no58_xvid ,238
no17_xvid ,238
no18_xvid ,1705
no19_xvid ,1569
no20_xvid ,1996
no21_xvid ,1171
no22_xvid ,2083
no411_xvid ,252
no23_xvid ,252
no24_xvid ,0
no429_xvid ,0
no25_xvid ,1240
no26_xvid ,2289
no27_xvid ,252
no262_xvid ,252
no28_xvid ,3670
no29_xvid ,4513
no462_xvid ,221
no30_xvid ,221
no31_xvid ,4285
no32_xvid ,1409
no33_xvid ,3384
no34_xvid ,2324
no35_xvid ,889
no37_xvid ,1109
no36_xvid ,544
no38_xvid ,81
no301_xvid ,81
no320_xvid ,109
no39_xvid ,109
no40_xvid ,1279
no41_xvid ,1501
no42_xvid ,1527
no221_xvid ,64
no44_xvid ,64
no43_xvid ,5593
no45_xvid ,6429
no46_xvid ,1661
no48_xvid ,1074
no47_xvid ,412
no49_xvid ,5024
no50_xvid ,467
no51_xvid ,1076
no52_xvid ,5831
no53_xvid ,1664
no154_xvid ,268
no54_xvid ,268
no55_xvid ,475
no56_xvid ,1764
no57_xvid ,1379
no59_xvid ,1344
no60_xvid ,556
no61_xvid ,817
no62_xvid ,3706
no63_xvid ,366
no64_xvid ,979
no369_xvid ,366
no65___xvid ,2442
no81_xvid ,20
no66_xvid ,20
no67_xvid ,125
no99_xvid ,125
no69_xvid ,2936
no71_xvid ,4972
no73_xvid ,64
no445_xvid ,64
no74_xvid ,141
no293_xvid ,141
no76_xvid ,3250
no75_xvid ,48
no313_xvid ,48
no77_xvid ,5180
no79_xvid ,3982
no80_xvid ,3494
no146_xvid ,81
no82_xvid ,81
no83_xvid ,2218
no84_xvid ,3490
no85_xvid ,1948
no86_xvid ,4143
no87_xvid ,461
no88_xvid ,1642
no90_xvid ,6198
no91_xvid ,137
no92_xvid ,5743
no124_xvid ,137
no93_xvid ,814
no94_xvid ,3623
no96_xvid ,56
no245_xvid ,56
no97_xvid ,529
no308_xvid ,227
no100_xvid ,227
no101_xvid ,320
no439_xvid ,320
no102_xvid ,155
no103_xvid ,0
no122_xvid ,0
no139_xvid ,155
no421_xvid ,166
no104_xvid ,166
no105_xvid ,591
no78_xvid ,0
no106_xvid ,0
no107_xvid ,2228
no247_xvid ,138
no108_xvid ,138
no109_xvid ,2179
no110_xvid ,859
no111_xvid ,260
no206_xvid ,260
no112_xvid ,775
no113_xvid ,1114
no114_xvid ,1108
no115_xvid ,1959
no117_xvid ,587
no118_xvid ,2717
no120_xvid ,3213
no119_xvid ,3086
no121_xvid ,1060
no300_xvid ,155
no125_xvid ,155
no126_xvid ,97
no127_xvid ,3081
no95_xvid ,97
no128_xvid ,64
no269_xvid ,64
no368_xvid ,0
no171_xvid ,0
no129_xvid ,0
no130_xvid ,0
no341_xvid ,51
no131_xvid ,51
no461_xvid ,0
no132_xvid ,0
no133_xvid ,1799
no135_xvid ,1514
no134_xvid ,0
no172_xvid ,0
no137_xvid ,720
no138_xvid ,625
no141_xvid ,220
no430_xvid ,220
no142__xvid ,1770
no143_xvid ,1794
no144_xvid ,1686
no145_xvid ,3781
no147_xvid ,3191
no150_xvid ,6421
no151_xvid ,1194
no153_xvid ,1245
no89_xvid ,251
no155_xvid ,251
no156_xvid ,216
no183_xvid ,216
no157_xvid ,403
no158_xvid ,4900
no159_xvid ,223
no160_xvid ,1444
no284_xvid ,223
no161_xvid ,2084
no163_xvid ,629
no164_xvid ,4522
no165_xvid ,1190
no166_xvid ,1629
no167_xvid ,2120
no169_xvid ,2656
no168_xvid ,1974
no170_xvid ,1435
no174_xvid ,4497
no175_xvid ,6008
no194_xvid ,189
no177_xvid ,189
no179_xvid ,733
no181_xvid ,2800
no182_xvid ,5497
no185_xvid ,4712
no186_xvid ,628
no187_xvid ,324
no188_xvid ,73
no276_xvid ,324
no417_xvid ,73
no189_xvid ,55
no253_xvid ,55
no190_xvid ,5627
no191_xvid ,1914
no192_xvid ,3243
no196_xvid ,2706
no197_xvid ,605
no200_xvid ,53
no483_xvid ,53
no72_xvid ,0
no202_xvid ,1968
no201_xvid ,0
no152_xvid ,140
no203_xvid ,371
no204_xvid ,140
no281_xvid ,371
no205_xvid ,1593
no208_xvid ,1808
no419_xvid ,243
no209_xvid ,243
no211_xvid ,2246
no212_xvid ,876
no319_xvid ,0
no213_xvid ,0
no215_xvid ,2142
no216_xvid ,75
no173_xvid ,75
no217_xvid ,2044
no220_xvid ,459
no222_xvid ,2003
no225_xvid ,145
no460_xvid ,145
no226_xvid ,1211
no227_xvid ,5167
no229_xvid ,4511
no149_xvid ,350
no228_xvid ,350
no230_xvid ,3920
no232_xvid ,344
no280_xvid ,344
no233_xvid ,591
no235_xvid ,4645
no210_xvid ,38
no236_xvid ,38
no237_xvid ,2736
no238_xvid ,257
no239_xvid ,2077
no435_xvid ,257
no240_xvid ,2172
no241_xvid ,5312
no242_xvid ,3259
no214_xvid ,17073
no244_xvid ,1726
no246_xvid ,2700
no248_xvid ,1356
no249_xvid ,105
no447_xvid ,105
no250_xvid ,4556
no218_xvid ,283
no252_xvid ,283
no254_xvid ,1742
no256_xvid ,4951
no257_xvid ,998
no258_xvid ,4215
no260_xvid ,2400
no261_xvid ,2589
no264_xvid ,6208
no265_xvid ,1312
no267_xvid ,614
no268_xvid ,401
no176_xvid ,194
no270_xvid ,194
no271_xvid ,1223
no273_xvid ,4109
no274_xvid ,3870
no275_xvid ,585
no277_xvid ,3550
no278_xvid ,6011
no279_xvid ,1338
no282_xvid ,2521
no283_xvid ,695
no285_xvid ,4468
no287_xvid ,2728
no288_xvid ,1078
no289_xvid ,697
no291_xvid ,2172
no290_xvid ,1139
no292_xvid ,6885
no295_xvid ,4824
no294_xvid ,2454
no298_xvid ,404
no297_xvid ,5220
no299_xvid ,1570
no302_xvid ,216
no223_xvid ,216
no303_xvid ,132
no304_xvid ,0
no263_xvid ,132
no259_xvid ,0
no305_xvid ,222
no224_xvid ,222
no307_xvid ,447
no306_xvid ,2238
no309_xvid ,4702
no310_xvid ,2667
no311_xvid ,5614
no312_xvid ,1337
no315_xvid ,3262
no314_xvid ,4585
no316_xvid ,208
no317_xvid ,1892
no318_xvid ,4904
no321_xvid ,1549
no323_xvid ,489
no322_xvid ,609
no324_xvid ,112
no70_xvid ,112
no326_xvid ,1183
no198_xvid ,357
no325_xvid ,357
no327_xvid ,1263
no328_xvid ,572
no329_xvid ,2121
no330_xvid ,1804
no332_xvid ,2371
no331_xvid ,5538
no333_xvid ,3434
no334_xvid ,4106
no336_xvid ,1863
no337_xvid ,893
no338_xvid ,1285
no339_xvid ,1682
no234_xvid ,376
no340_xvid ,376
no342_xvid ,2776
no343_xvid ,5648
no344_xvid ,409
no345_xvid ,139
no346_xvid ,443
no266_xvid ,139
no347_xvid ,6288
no348_xvid ,1090
no162_xvid ,202
no349_xvid ,202
no350_xvid ,0
no481_xvid ,0
no351_xvid ,2466
no352_xvid ,1081
no353_xvid ,5657
no354_xvid ,989
no355_xvid ,206
no68_xvid ,206
no195_xvid ,282
no356_xvid ,282
no357_xvid ,1379
no231_xvid ,293
no358_xvid ,293
no136_xvid ,0
no359_xvid ,0
no360_xvid ,80
no361_xvid ,462
no243_xvid ,80
no362_xvid ,461
no363_xvid ,2308
no365_xvid ,780
no207_xvid ,275
no366_xvid ,275
no367_xvid ,1090
no370_xvid ,941
no371_xvid ,3396
no372_xvid ,487
no373_xvid ,1912
no374_xvid ,589
no219_xvid ,0
no375_xvid ,0
no376_xvid ,552
no378_xvid ,426
no379_xvid ,3576
no380_xvid ,3111
no418_xvid ,151
no381_xvid ,151
no382_xvid ,739
no383_xvid ,158
no434_xvid ,158
no384_xvid ,2862
no385_xvid ,35460
no199_xvid ,0
no386_xvid ,0
no387_xvid ,876
no388_xvid ,1230
no389_xvid ,118
no123_xvid ,118
no390_xvid ,1343
no391_xvid ,260
no116_xvid ,260
no392_xvid ,2405
no393_xvid ,2420
no394_xvid ,714
no377_xvid ,56
no395_xvid ,56
no396_xvid ,2848
no397_xvid ,5539
no398_xvid ,673
no400_xvid ,1403
no296_xvid ,322
no399_xvid ,322
no401_xvid ,2027
no402_xvid ,2027
no286_xvid ,0
no403_xvid ,0
no140_xvid ,0
no404_xvid ,0
no405_xvid ,1073
no407_xvid ,1126
no408_xvid ,1949
no409_xvid ,446
no410_xvid ,1551
no412_xvid ,2312
no406_xvid ,107
no414_xvid ,107
no415_xvid ,5856
no98_xvid ,196
no416_xvid ,196
no420_xvid ,5626
no422_xvid ,0
no251_xvid ,0
no423_xvid ,734
no424_xvid ,2439
no255_xvid ,176
no425_xvid ,176
no272_xvid ,234
no426_xvid ,234
no427_xvid ,1770
no428_xvid ,1108
no431_xvid ,242
no364_xvid ,242
no432_xvid ,795
no433_xvid ,1285
no436_xvid ,368
no180_xvid ,368
no485_xvid ,235
no437_xvid ,235
no438_xvid ,2457
no440_xvid ,2096
no441_xvid ,2001
no442_xvid ,2992
no443_xvid ,1190
no446_xvid ,37
no444_xvid ,37
no448_xvid ,3935
no449_xvid ,2949
no450_xvid ,2007
no452_xvid ,2913
no335_xvid ,170
no451_xvid ,170
no453_xvid ,1982
no454_xvid ,861
no455_xvid ,3138
no456_xvid ,1907
no457_xvid ,1717
no458_xvid ,3062
no459_xvid ,2209
no463_xvid ,3670
no464_xvid ,6716
no466_xvid ,1063
no465_xvid ,5742
no468_xvid ,469
no470_xvid ,4655
no471_xvid ,794
no472_xvid ,998
no474_xvid ,1779
no413_xvid ,390
no473_xvid ,390
no475_xvid ,2306
no476_xvid ,745
no477_xvid ,2122
no478_xvid ,1113
no148_xvid ,144
no479_xvid ,144
no480_xvid ,1605
no482_xvid ,1765
no467_xvid ,108
no484_xvid ,108
no487_xvid ,919
no486_xvid ,476
no488_xvid ,1227
no489_xvid ,645
no490_xvid ,567
no491_xvid ,2919
no492_xvid ,2722
no494_xvid ,3974
no493_xvid ,2439
no495_xvid ,2442
no496_xvid ,1016
no497_xvid ,548
no498_xvid ,1187
no499_xvid ,2749
