fi1_xvid ,8164
fi2_xvid ,5805
fi3_xvid ,28696
fi407_xvid ,28696
fi5_xvid ,13082
fi211_xvid ,27604
fi6_xvid ,27604
fi8_xvid ,26500
fi369_xvid ,26500
fi10_xvid ,15864
fi11_xvid ,8154
fi13_xvid ,5761
fi15_xvid ,1995
fi16_xvid ,39992
fi470_xvid ,39992
fi18_xvid ,3687
fi20_xvid ,3303
fi22_xvid ,2130
fi24_xvid ,39828
fi324_xvid ,39828
fi28_xvid ,3356
fi29_xvid ,16844
fi31_xvid ,30973
fi260_xvid ,30973
fi32_xvid ,19328
fi23_xvid ,19328
fi34_xvid ,4601
fi33_xvid ,5689
fi36_xvid ,4772
fi35_xvid ,4773
fi37_xvid ,3273
fi39_xvid ,24544
fi196_xvid ,24544
fi38_xvid ,5686
fi42_xvid ,5404
fi94_xvid ,19764
fi44_xvid ,13180
fi43_xvid ,19764
fi45_xvid ,26249
fi310_xvid ,26249
fi311_xvid ,29303
fi46_xvid ,4290
fi47_xvid ,29303
fi48_xvid ,15149
fi49_xvid ,4280
fi51_xvid ,4083
fi52_xvid ,5338
fi54_xvid ,34803
fi53_xvid ,3037
fi133_xvid ,34803
fi55_xvid ,17079
fi57_xvid ,10545
fi56_xvid ,3890
fi58_xvid ,14947
fi59_xvid ,4713
fi60_xvid ,3724
fi61_xvid ,9134
fi62_xvid ,10123
fi63_xvid ,6070
fi64_xvid ,6374
fi66_xvid ,4261
fi69_xvid ,11896
fi71_xvid ,3726
fi70_xvid ,1841
fi72_xvid ,2122
fi74_xvid ,6254
fi75_xvid ,3496
fi77_xvid ,4186
fi79_xvid ,11294
fi80_xvid ,2721
fi81_xvid ,2915
fi429_xvid ,28693
fi84_xvid ,28693
fi85_xvid ,31726
fi351_xvid ,31726
fi86_xvid ,42696
fi180_xvid ,30514
fi87_xvid ,30514
fi476_xvid ,42696
fi88_xvid ,5435
fi89_xvid ,10807
fi91_xvid ,4121
fi93_xvid ,2797
fi92_xvid ,2865
fi97_xvid ,9215
fi96_xvid ,3001
fi98_xvid ,2536
fi99_xvid ,4269
fi100_xvid ,3842
fi101_xvid ,4796
fi102_xvid ,3137
fi103_xvid ,6789
fi104_xvid ,9873
fi105_xvid ,6916
fi106_xvid ,4535
fi107_xvid ,5878
fi108_xvid ,8369
fi109_xvid ,14864
fi111_xvid ,6148
fi110_xvid ,10937
fi112_xvid ,7518
fi113_xvid ,6491
fi115_xvid ,2284
fi114_xvid ,4936
fi117_xvid ,5069
fi116_xvid ,6324
fi118_xvid ,8787
fi119_xvid ,6174
fi121_xvid ,4406
fi120_xvid ,1832
fi122_xvid ,3898
fi123_xvid ,4408
fi124_xvid ,3261
fi126_xvid ,8414
fi128_xvid ,7489
fi127_xvid ,8181
fi129_xvid ,2986
fi130_xvid ,30779
fi131_xvid ,14829
fi184_xvid ,30779
fi327_xvid ,42613
fi132_xvid ,42613
fi134_xvid ,3416
fi135_xvid ,31377
fi359_xvid ,31377
fi136_xvid ,23363
fi17_xvid ,23363
fi137_xvid ,13785
fi139_xvid ,17610
fi138_xvid ,16153
fi26_xvid ,17610
fi140_xvid ,11928
fi141_xvid ,2788
fi142_xvid ,2852
fi143_xvid ,23066
fi41_xvid ,23066
fi144_xvid ,16811
fi65_xvid ,20354
fi146_xvid ,20354
fi147_xvid ,2039
fi148_xvid ,2954
fi149_xvid ,9266
fi150_xvid ,2554
fi151_xvid ,16283
fi152_xvid ,19476
fi40_xvid ,19476
fi153_xvid ,6459
fi154_xvid ,17892
fi67_xvid ,17892
fi155_xvid ,7138
fi156_xvid ,14669
fi157_xvid ,4738
fi158_xvid ,3146
fi159_xvid ,3202
fi160_xvid ,2156
fi161_xvid ,9772
fi162_xvid ,41109
fi251_xvid ,41109
fi164_xvid ,3917
fi7_xvid ,28637
fi165_xvid ,28637
fi166_xvid ,4543
fi145_xvid ,40392
fi167_xvid ,40392
fi168_xvid ,43683
fi73_xvid ,43683
fi169_xvid ,2371
fi170_xvid ,5327
fi171_xvid ,2108
fi418_xvid ,32873
fi174_xvid ,32873
fi175_xvid ,2551
fi176_xvid ,14828
fi177_xvid ,2926
fi125_xvid ,34221
fi178_xvid ,34221
fi179_xvid ,16024
fi83_xvid ,32537
fi181_xvid ,32537
fi183_xvid ,28718
fi19_xvid ,28718
fi187_xvid ,36601
fi352_xvid ,36601
fi333_xvid ,33155
fi189_xvid ,33155
fi390_xvid ,43313
fi190_xvid ,43313
fi193_xvid ,20606
fi388_xvid ,20606
fi192_xvid ,2116
fi197_xvid ,1851
fi199_xvid ,40543
fi78_xvid ,40543
fi198_xvid ,30612
fi323_xvid ,30612
fi200_xvid ,10699
fi201_xvid ,46165
fi90_xvid ,46165
fi202_xvid ,17734
fi203_xvid ,3882
fi182_xvid ,17734
fi204_xvid ,5348
fi205_xvid ,22693
fi469_xvid ,22693
fi206_xvid ,28573
fi207_xvid ,32358
fi376_xvid ,32358
fi76_xvid ,28573
fi208_xvid ,6259
fi209_xvid ,32109
fi319_xvid ,32109
fi210_xvid ,3850
fi212_xvid ,1815
fi213_xvid ,17457
fi417_xvid ,36313
fi214_xvid ,36313
fi215_xvid ,13599
fi216_xvid ,28550
fi331_xvid ,28550
fi217_xvid ,22495
fi14_xvid ,22495
fi218_xvid ,9754
fi219_xvid ,2975
fi220_xvid ,21513
fi389_xvid ,21513
fi221_xvid ,16623
fi415_xvid ,48141
fi222_xvid ,2994
fi223_xvid ,48141
fi224_xvid ,4733
fi365_xvid ,20856
fi225_xvid ,14926
fi226_xvid ,20856
fi228_xvid ,29108
fi227_xvid ,29108
fi230_xvid ,7718
fi231_xvid ,6119
fi233_xvid ,4157
fi232_xvid ,7311
fi234_xvid ,28582
fi82_xvid ,28582
fi452_xvid ,31103
fi235_xvid ,31103
fi404_xvid ,44851
fi236_xvid ,44851
fi238_xvid ,2354
fi240_xvid ,2749
fi239_xvid ,4372
fi241_xvid ,4675
fi242_xvid ,14363
fi243_xvid ,33665
fi315_xvid ,33665
fi237_xvid ,37197
fi244_xvid ,37197
fi246_xvid ,7591
fi245_xvid ,3614
fi248_xvid ,2122
fi247_xvid ,2512
fi250_xvid ,2598
fi364_xvid ,27660
fi249_xvid ,27660
fi252_xvid ,3791
fi172_xvid ,23547
fi335_xvid ,23214
fi253_xvid ,23547
fi254_xvid ,23214
fi329_xvid ,23974
fi255_xvid ,23974
fi257_xvid ,16523
fi256_xvid ,14954
fi258_xvid ,24334
fi350_xvid ,24334
fi259_xvid ,5065
fi261_xvid ,3146
fi95_xvid ,42027
fi262_xvid ,42027
fi263_xvid ,37207
fi330_xvid ,37207
fi264_xvid ,37578
fi194_xvid ,37578
fi266_xvid ,10666
fi268_xvid ,2480
fi267_xvid ,3126
fi269_xvid ,2565
fi270_xvid ,4851
fi271_xvid ,2074
fi274_xvid ,3249
fi273_xvid ,6866
fi406_xvid ,24614
fi275_xvid ,21521
fi276_xvid ,24614
fi391_xvid ,21521
fi428_xvid ,24507
fi277_xvid ,24507
fi278_xvid ,6067
fi279_xvid ,10727
fi281_xvid ,7891
fi280_xvid ,17128
fi282_xvid ,6145
fi283_xvid ,15576
fi284_xvid ,17614
fi188_xvid ,17614
fi285_xvid ,6060
fi286_xvid ,7301
fi287_xvid ,20335
fi185_xvid ,20335
fi288_xvid ,8272
fi289_xvid ,24901
fi229_xvid ,24901
fi290_xvid ,28797
fi371_xvid ,28797
fi291_xvid ,2955
fi292_xvid ,10574
fi293_xvid ,2395
fi353_xvid ,32527
fi294_xvid ,32527
fi296_xvid ,2386
fi295_xvid ,4156
fi297_xvid ,1934
fi298_xvid ,6628
fi299_xvid ,3311
fi300_xvid ,2966
fi265_xvid ,17650
fi301_xvid ,17650
fi302_xvid ,14043
fi303_xvid ,12470
fi304_xvid ,14317
fi305_xvid ,5984
fi306_xvid ,4746
fi307_xvid ,3286
fi308_xvid ,2495
fi309_xvid ,6219
fi312_xvid ,10375
fi313_xvid ,2098
fi314_xvid ,3305
fi316_xvid ,4587
fi320_xvid ,2422
fi321_xvid ,1825
fi322_xvid ,1811
fi325_xvid ,2263
fi326_xvid ,1968
fi328_xvid ,3149
fi334_xvid ,1831
fi337_xvid ,5432
fi338_xvid ,6533
fi339_xvid ,5412
fi342_xvid ,2123
fi341_xvid ,3932
fi343_xvid ,1808
fi344_xvid ,3502
fi345_xvid ,5148
fi347_xvid ,2759
fi346_xvid ,5893
fi348_xvid ,2750
fi349_xvid ,2099
fi354_xvid ,3544
fi355_xvid ,3135
fi356_xvid ,34691
fi432_xvid ,38901
fi357_xvid ,38901
fi340_xvid ,34691
fi358_xvid ,36691
fi318_xvid ,36691
fi360_xvid ,33050
fi361_xvid ,22170
fi186_xvid ,22170
fi466_xvid ,33050
fi173_xvid ,39602
fi362_xvid ,39602
fi12_xvid ,31984
fi363_xvid ,31984
fi367_xvid ,9850
fi366_xvid ,7343
fi370_xvid ,4805
fi372_xvid ,8008
fi373_xvid ,3194
fi375_xvid ,6447
fi374_xvid ,8925
fi378_xvid ,3354
fi377_xvid ,2766
fi379_xvid ,8041
fi381_xvid ,5695
fi380_xvid ,2698
fi382_xvid ,8647
fi383_xvid ,6411
fi384_xvid ,2441
fi385_xvid ,10934
fi386_xvid ,4654
fi387_xvid ,3115
fi393_xvid ,14021
fi392_xvid ,11545
fi394_xvid ,10460
fi395_xvid ,4831
fi396_xvid ,3917
fi398_xvid ,8115
fi397_xvid ,9026
fi399_xvid ,2294
fi400_xvid ,6100
fi402_xvid ,14551
fi401_xvid ,2126
fi403_xvid ,3312
fi25_xvid ,40098
fi405_xvid ,40098
fi191_xvid ,20527
fi408_xvid ,20527
fi410_xvid ,14549
fi409_xvid ,3499
fi411_xvid ,3024
fi412_xvid ,32175
fi27_xvid ,32175
fi414_xvid ,4150
fi413_xvid ,6440
fi416_xvid ,49384
fi195_xvid ,49384
fi272_xvid ,45228
fi420_xvid ,45228
fi50_xvid ,39025
fi421_xvid ,6159
fi422_xvid ,39025
fi332_xvid ,36095
fi424_xvid ,36095
fi426_xvid ,2024
fi425_xvid ,1820
fi68_xvid ,32861
fi427_xvid ,32861
fi430_xvid ,2726
fi431_xvid ,32460
fi434_xvid ,2123
fi433_xvid ,8848
fi435_xvid ,13697
fi437_xvid ,2249
fi436_xvid ,2905
fi438_xvid ,6171
fi439_xvid ,6691
fi440_xvid ,6309
fi441_xvid ,6325
fi443_xvid ,1859
fi442_xvid ,12875
fi444_xvid ,2667
fi445_xvid ,6004
fi446_xvid ,7517
fi447_xvid ,5687
fi448_xvid ,5258
fi449_xvid ,4185
fi423_xvid ,19854
fi451_xvid ,9001
fi450_xvid ,19854
fi453_xvid ,5279
fi454_xvid ,4917
fi455_xvid ,1908
fi456_xvid ,4532
fi457_xvid ,2657
fi459_xvid ,16118
fi461_xvid ,3328
fi460_xvid ,14027
fi30_xvid ,31515
fi462_xvid ,6448
fi463_xvid ,31515
fi464_xvid ,27788
fi458_xvid ,27788
fi465_xvid ,38951
fi9_xvid ,38951
fi467_xvid ,8048
fi468_xvid ,3472
fi471_xvid ,2693
fi472_xvid ,2663
fi473_xvid ,2275
fi474_xvid ,1823
fi475_xvid ,5301
fi477_xvid ,14469
fi478_xvid ,6860
fi4_xvid ,32893
fi479_xvid ,32893
fi480_xvid ,2996
fi317_xvid ,27950
fi481_xvid ,27950
fi368_xvid ,26880
fi483_xvid ,6405
fi482_xvid ,26880
fi484_xvid ,17186
fi486_xvid ,7496
fi485_xvid ,7955
fi21_xvid ,19113
fi487_xvid ,19113
fi488_xvid ,34269
fi336_xvid ,34269
fi489_xvid ,29680
fi163_xvid ,29680
fi491_xvid ,7612
fi490_xvid ,4515
fi492_xvid ,7081
fi493_xvid ,2814
fi494_xvid ,8720
fi495_xvid ,5152
fi497_xvid ,5180
fi496_xvid ,8207
fi498_xvid ,21623
fi419_xvid ,21623
fi499_xvid ,3130
fi500_xvid ,13596
